Workbook

Sheet Spots Database
A1: 🏄 East Coast Surf Spots — Maine Database
A2: Source: The Stormrider Surf Guide – North America (4 photos) | F2: ← Swell Works? (Y = Yes)
A3: Spot # | B3: Spot Name | C3: Region | D3: State | E3: Town | F3: N | G3: NE | H3: E | I3: SE | J3: S | K3: SW | L3: Primary Swell | M3: Best Tide | N3: Bottom | O3: Wave Type | P3: Skill Level | Q3: Best Season | R3: Crowd | S3: Quality ★ | T3: Notes
A4: 1 | B4: Higgins Beach | C4: Maine – North | D4: ME | E4: Scarborough | F4: N | G4: Y | H4: Y | I4: N | J4: N | K4: N | L4: NE / E | M4: Low–Mid | N4: Sand | O4: Beach Break | P4: Beginner–Int | Q4: Fall–Winter | R4: Low–Med | S4: ★★★★☆ | T4: One of Portland's most consistent spots. Picks up NE swell well. Rip currents possible at low tide. Some parking on-street.
A5: 2 | B5: Old Orchard Beach | C5: Maine – North | D5: ME | E5: Old Orchard Beach | F5: N | G5: Y | H5: Y | I5: Y | J5: N | K5: N | L5: NE / E / SE | M5: Low–Mid | N5: Sand | O5: Beach Break | P5: Beginner | Q5: Summer–Fall | R5: High | S5: ★★★☆☆ | T5: Long stretch of beach. Tourist area in summer – very crowded. Best off-season. Gentle waves, good for learners.
A6: 3 | B6: Scarborough Beach | C6: Maine – North | D6: ME | E6: Scarborough | F6: N | G6: Y | H6: Y | I6: Y | J6: N | K6: N | L6: NE / E | M6: Mid | N6: Sand | O6: Beach Break | P6: Intermediate | Q6: Fall | R6: Med | S6: ★★★☆☆ | T6: State park beach. Faces SE — picks up SSE swell well (better angle than Pine Point on SSE days). Prouts Neck focuses energy into beach on SE/SSE. Also works NE/E. Parking fee in-season. Closes in winter. Source: real-world observation, May 2026.
A7: 4 | B7: Fortunes Rocks Beach | C7: Maine – North | D7: ME | E7: Biddeford | F7: N | G7: Y | H7: Y | I7: N | J7: N | K7: N | L7: NE / E | M7: Low–Mid | N7: Sand | O7: Beach Break | P7: Beginner–Int | Q7: Fall–Winter | R7: Low | S7: ★★★☆☆ | T7: Quiet beach north of Biddeford Pool. Picks up good NE groundswell. Limited parking.
A8: 5 | B8: Kennebunk Beach | C8: Maine – North | D8: ME | E8: Kennebunk | F8: N | G8: Y | H8: Y | I8: Y | J8: N | K8: N | L8: NE / E | M8: Low–Mid | N8: Sand | O8: Beach Break | P8: Intermediate | Q8: Fall | R8: Low–Med | S8: ★★★☆☆ | T8: Three connected beaches (Mother's, Middle, Gooch's). Gooch's is most exposed and best for surf. Sticker parking in summer.
A9: 6 | B9: Kennebunkport | C9: Maine – North | D9: ME | E9: Kennebunkport | F9: N | G9: Y | H9: Y | I9: N | J9: N | K9: N | L9: NE / E | M9: Low | N9: Sand/Rock | O9: Beach Break | P9: Intermediate | Q9: Fall–Winter | R9: Low | S9: ★★★☆☆ | T9: Various spots around the port area. Rocky shores require booties. Works in solid NE groundswell.
A10: 7 | B10: Lox Point | C10: Maine – North | D10: ME | E10: Kennebunk | F10: N | G10: Y | H10: Y | I10: N | J10: N | K10: N | L10: NE / E | M10: Low | N10: Rock | O10: Point Break | P10: Advanced | Q10: Fall–Winter | R10: Low | S10: ★★★★☆ | T10: Rocky point break. Can produce quality long walls when NE groundswell lines up. Not for beginners – rocks and currents. Private property nearby, be respectful.
A11: 8 | B11: Wells Jetties | C11: Maine – South | D11: ME | E11: Wells | F11: N | G11: Y | H11: Y | I11: N | J11: N | K11: N | L11: NE / E | M11: Low–Mid | N11: Sand/Rock | O11: Jetty Break | P11: Intermediate | Q11: Fall–Winter | R11: Med | S11: ★★★★☆ | T11: Best surf spot in Wells. The jetties focus swell and create hollow peaks. Works at low to mid tide. Can get crowded when it's on. Parking at Drakes Island Rd.
A12: 9 | B12: Wells Beach | C12: Maine – South | D12: ME | E12: Wells | F12: N | G12: Y | H12: Y | I12: N | J12: N | K12: N | L12: NE / E | M12: Low–Mid | N12: Sand | O12: Beach Break | P12: Beginner | Q12: Fall | R12: Med | S12: ★★☆☆☆ | T12: Long beach with variable sandbanks. Usually slower and mushier than the jetties. Good for beginners and longboarders.
A13: 10 | B13: Moody Beach | C13: Maine – South | D13: ME | E13: Wells | F13: N | G13: Y | H13: Y | I13: N | J13: N | K13: N | L13: NE / E | M13: Low–Mid | N13: Sand | O13: Beach Break | P13: Beginner | Q13: Fall | R13: Low–Med | S13: ★★☆☆☆ | T13: Quiet residential beach between Wells and Ogunquit. Similar to Wells Beach but less crowded. Public access limited.
A14: 11 | B14: Ogunquit Beach | C14: Maine – South | D14: ME | E14: Ogunquit | F14: N | G14: Y | H14: Y | I14: Y | J14: N | K14: N | L14: NE / E / SE | M14: Low–Mid | N14: Sand | O14: Beach Break | P14: Beginner–Int | Q14: Fall | R14: Med | S14: ★★★☆☆ | T14: Beautiful long beach. Picks up more SE swell than spots to the north. Good sandbars form after storms. Trolley parking system in summer.
A15: 12 | B15: Ogunquit Rivermouth | C15: Maine – South | D15: ME | E15: Ogunquit | F15: N | G15: Y | H15: Y | I15: Y | J15: N | K15: N | L15: NE / E / SE | M15: Low | N15: Sand | O15: River Mouth | P15: Intermediate–Adv | Q15: Fall | R15: Med | S15: ★★★★☆ | T15: Where the Ogunquit River meets the ocean. Shifting sandbars create hollow, punchy waves. Best on outgoing tide at low. Can close out in big swell. Requires reading the banks.
... A18: 15 | B18: Pine Point | C18: Maine – North | D18: ME | E18: Scarborough | F18: N | G18: Y | H18: Y | I18: N | J18: N | K18: N | L18: NE / E | M18: Low | N18: Sand | O18: River Mouth | P18: Intermediate | Q18: Fall–Winter | R18: Low–Med | S18: ★★★★☆ | T18: River mouth setup at the Scarborough River. Shifting sandbars create punchy, hollow peaks — similar feel to Ogunquit Rivermouth. Sits inside Saco Bay which creates a shadow on SSE swell (loses energy vs Scarborough Beach on SSE days). Fires on NE/E groundswell when the river mouth banks line up. Best at low tide when sandbars are exposed. Source: real-world observation, May 2026.

Sheet Swell Finder
A1: 🌊 Swell Finder — Best Spots for Today's Conditions
A2: Select the swell direction and tide below — the table will highlight all matching spots ranked by quality.
A4: TODAY'S SWELL DIRECTION → | C4: NE | D4: ← Click to select from dropdown
A7: Match | B7: Quality ★ | C7: Spot Name | D7: Region | E7: Town | F7: Primary Swell | G7: Best Tide | H7: Wave Type | I7: Skill Level
A8: =IF(OR(AND($C$4="N",'Spots Database'!F4="Y"),AND($C$4="NE",'Spots Database'!G4="Y"),AND($C$4="E",'Spots Database'!H4="Y"),AND($C$4="SE",'Spots Database'!I4="Y"),AND($C$4="S",'Spots Database'!J4="Y"),AND($C$4="SW",'Spots Database'!K4="Y")),"✅","—") -> ✅ | B8: ='Spots Database'!S4 -> ★★★★☆ | C8: ='Spots Database'!B4 -> Higgins Beach | D8: ='Spots Database'!C4 -> Maine – North | E8: ='Spots Database'!E4 -> Scarborough | F8: ='Spots Database'!L4 -> NE / E | G8: ='Spots Database'!M4 -> Low–Mid | H8: ='Spots Database'!O4 -> Beach Break | I8: ='Spots Database'!P4 -> Beginner–Int
A9: =IF(OR(AND($C$4="N",'Spots Database'!F5="Y"),AND($C$4="NE",'Spots Database'!G5="Y"),AND($C$4="E",'Spots Database'!H5="Y"),AND($C$4="SE",'Spots Database'!I5="Y"),AND($C$4="S",'Spots Database'!J5="Y"),AND($C$4="SW",'Spots Database'!K5="Y")),"✅","—") -> ✅ | B9: ='Spots Database'!S5 -> ★★★☆☆ | C9: ='Spots Database'!B5 -> Old Orchard Beach | D9: ='Spots Database'!C5 -> Maine – North | E9: ='Spots Database'!E5 -> Old Orchard Beach | F9: ='Spots Database'!L5 -> NE / E / SE | G9: ='Spots Database'!M5 -> Low–Mid | H9: ='Spots Database'!O5 -> Beach Break | I9: ='Spots Database'!P5 -> Beginner
A10: =IF(OR(AND($C$4="N",'Spots Database'!F6="Y"),AND($C$4="NE",'Spots Database'!G6="Y"),AND($C$4="E",'Spots Database'!H6="Y"),AND($C$4="SE",'Spots Database'!I6="Y"),AND($C$4="S",'Spots Database'!J6="Y"),AND($C$4="SW",'Spots Database'!K6="Y")),"✅","—") -> ✅ | B10: ='Spots Database'!S6 -> ★★★☆☆ | C10: ='Spots Database'!B6 -> Scarborough Beach | D10: ='Spots Database'!C6 -> Maine – North | E10: ='Spots Database'!E6 -> Scarborough | F10: ='Spots Database'!L6 -> NE / E | G10: ='Spots Database'!M6 -> Mid | H10: ='Spots Database'!O6 -> Beach Break | I10: ='Spots Database'!P6 -> Intermediate
A11: =IF(OR(AND($C$4="N",'Spots Database'!F7="Y"),AND($C$4="NE",'Spots Database'!G7="Y"),AND($C$4="E",'Spots Database'!H7="Y"),AND($C$4="SE",'Spots Database'!I7="Y"),AND($C$4="S",'Spots Database'!J7="Y"),AND($C$4="SW",'Spots Database'!K7="Y")),"✅","—") -> ✅ | B11: ='Spots Database'!S7 -> ★★★☆☆ | C11: ='Spots Database'!B7 -> Fortunes Rocks Beach | D11: ='Spots Database'!C7 -> Maine – North | E11: ='Spots Database'!E7 -> Biddeford | F11: ='Spots Database'!L7 -> NE / E | G11: ='Spots Database'!M7 -> Low–Mid | H11: ='Spots Database'!O7 -> Beach Break | I11: ='Spots Database'!P7 -> Beginner–Int
A12: =IF(OR(AND($C$4="N",'Spots Database'!F8="Y"),AND($C$4="NE",'Spots Database'!G8="Y"),AND($C$4="E",'Spots Database'!H8="Y"),AND($C$4="SE",'Spots Database'!I8="Y"),AND($C$4="S",'Spots Database'!J8="Y"),AND($C$4="SW",'Spots Database'!K8="Y")),"✅","—") -> ✅ | B12: ='Spots Database'!S8 -> ★★★☆☆ | C12: ='Spots Database'!B8 -> Kennebunk Beach | D12: ='Spots Database'!C8 -> Maine – North | E12: ='Spots Database'!E8 -> Kennebunk | F12: ='Spots Database'!L8 -> NE / E | G12: ='Spots Database'!M8 -> Low–Mid | H12: ='Spots Database'!O8 -> Beach Break | I12: ='Spots Database'!P8 -> Intermediate
A13: =IF(OR(AND($C$4="N",'Spots Database'!F9="Y"),AND($C$4="NE",'Spots Database'!G9="Y"),AND($C$4="E",'Spots Database'!H9="Y"),AND($C$4="SE",'Spots Database'!I9="Y"),AND($C$4="S",'Spots Database'!J9="Y"),AND($C$4="SW",'Spots Database'!K9="Y")),"✅","—") -> ✅ | B13: ='Spots Database'!S9 -> ★★★☆☆ | C13: ='Spots Database'!B9 -> Kennebunkport | D13: ='Spots Database'!C9 -> Maine – North | E13: ='Spots Database'!E9 -> Kennebunkport | F13: ='Spots Database'!L9 -> NE / E | G13: ='Spots Database'!M9 -> Low | H13: ='Spots Database'!O9 -> Beach Break | I13: ='Spots Database'!P9 -> Intermediate
A14: =IF(OR(AND($C$4="N",'Spots Database'!F10="Y"),AND($C$4="NE",'Spots Database'!G10="Y"),AND($C$4="E",'Spots Database'!H10="Y"),AND($C$4="SE",'Spots Database'!I10="Y"),AND($C$4="S",'Spots Database'!J10="Y"),AND($C$4="SW",'Spots Database'!K10="Y")),"✅","—") -> ✅ | B14: ='Spots Database'!S10 -> ★★★★☆ | C14: ='Spots Database'!B10 -> Lox Point | D14: ='Spots Database'!C10 -> Maine – North | E14: ='Spots Database'!E10 -> Kennebunk | F14: ='Spots Database'!L10 -> NE / E | G14: ='Spots Database'!M10 -> Low | H14: ='Spots Database'!O10 -> Point Break | I14: ='Spots Database'!P10 -> Advanced
A15: =IF(OR(AND($C$4="N",'Spots Database'!F11="Y"),AND($C$4="NE",'Spots Database'!G11="Y"),AND($C$4="E",'Spots Database'!H11="Y"),AND($C$4="SE",'Spots Database'!I11="Y"),AND($C$4="S",'Spots Database'!J11="Y"),AND($C$4="SW",'Spots Database'!K11="Y")),"✅","—") -> ✅ | B15: ='Spots Database'!S11 -> ★★★★☆ | C15: ='Spots Database'!B11 -> Wells Jetties | D15: ='Spots Database'!C11 -> Maine – South | E15: ='Spots Database'!E11 -> Wells | F15: ='Spots Database'!L11 -> NE / E | G15: ='Spots Database'!M11 -> Low–Mid | H15: ='Spots Database'!O11 -> Jetty Break | I15: ='Spots Database'!P11 -> Intermediate
A16: =IF(OR(AND($C$4="N",'Spots Database'!F12="Y"),AND($C$4="NE",'Spots Database'!G12="Y"),AND($C$4="E",'Spots Database'!H12="Y"),AND($C$4="SE",'Spots Database'!I12="Y"),AND($C$4="S",'Spots Database'!J12="Y"),AND($C$4="SW",'Spots Database'!K12="Y")),"✅","—") -> ✅ | B16: ='Spots Database'!S12 -> ★★☆☆☆ | C16: ='Spots Database'!B12 -> Wells Beach | D16: ='Spots Database'!C12 -> Maine – South | E16: ='Spots Database'!E12 -> Wells | F16: ='Spots Database'!L12 -> NE / E | G16: ='Spots Database'!M12 -> Low–Mid | H16: ='Spots Database'!O12 -> Beach Break | I16: ='Spots Database'!P12 -> Beginner
A17: =IF(OR(AND($C$4="N",'Spots Database'!F13="Y"),AND($C$4="NE",'Spots Database'!G13="Y"),AND($C$4="E",'Spots Database'!H13="Y"),AND($C$4="SE",'Spots Database'!I13="Y"),AND($C$4="S",'Spots Database'!J13="Y"),AND($C$4="SW",'Spots Database'!K13="Y")),"✅","—") -> ✅ | B17: ='Spots Database'!S13 -> ★★☆☆☆ | C17: ='Spots Database'!B13 -> Moody Beach | D17: ='Spots Database'!C13 -> Maine – South | E17: ='Spots Database'!E13 -> Wells | F17: ='Spots Database'!L13 -> NE / E | G17: ='Spots Database'!M13 -> Low–Mid | H17: ='Spots Database'!O13 -> Beach Break | I17: ='Spots Database'!P13 -> Beginner
A18: =IF(OR(AND($C$4="N",'Spots Database'!F14="Y"),AND($C$4="NE",'Spots Database'!G14="Y"),AND($C$4="E",'Spots Database'!H14="Y"),AND($C$4="SE",'Spots Database'!I14="Y"),AND($C$4="S",'Spots Database'!J14="Y"),AND($C$4="SW",'Spots Database'!K14="Y")),"✅","—") -> ✅ | B18: ='Spots Database'!S14 -> ★★★☆☆ | C18: ='Spots Database'!B14 -> Ogunquit Beach | D18: ='Spots Database'!C14 -> Maine – South | E18: ='Spots Database'!E14 -> Ogunquit | F18: ='Spots Database'!L14 -> NE / E / SE | G18: ='Spots Database'!M14 -> Low–Mid | H18: ='Spots Database'!O14 -> Beach Break | I18: ='Spots Database'!P14 -> Beginner–Int
A19: =IF(OR(AND($C$4="N",'Spots Database'!F15="Y"),AND($C$4="NE",'Spots Database'!G15="Y"),AND($C$4="E",'Spots Database'!H15="Y"),AND($C$4="SE",'Spots Database'!I15="Y"),AND($C$4="S",'Spots Database'!J15="Y"),AND($C$4="SW",'Spots Database'!K15="Y")),"✅","—") -> ✅ | B19: ='Spots Database'!S15 -> ★★★★☆ | C19: ='Spots Database'!B15 -> Ogunquit Rivermouth | D19: ='Spots Database'!C15 -> Maine – South | E19: ='Spots Database'!E15 -> Ogunquit | F19: ='Spots Database'!L15 -> NE / E / SE | G19: ='Spots Database'!M15 -> Low | H19: ='Spots Database'!O15 -> River Mouth | I19: ='Spots Database'!P15 -> Intermediate–Adv
... A22: =IF(OR(AND($C$4="N",'Spots Database'!F18="Y"),AND($C$4="NE",'Spots Database'!G18="Y"),AND($C$4="E",'Spots Database'!H18="Y"),AND($C$4="SE",'Spots Database'!I18="Y"),AND($C$4="S",'Spots Database'!J18="Y"),AND($C$4="SW",'Spots Database'!K18="Y")),"✅","—") -> ✅ | B22: ='Spots Database'!S18 -> ★★★★☆ | C22: ='Spots Database'!B18 -> Pine Point | D22: ='Spots Database'!C18 -> Maine – North | E22: ='Spots Database'!E18 -> Scarborough | F22: ='Spots Database'!L18 -> NE / E | G22: ='Spots Database'!M18 -> Low | H22: ='Spots Database'!O18 -> River Mouth | I22: ='Spots Database'!P18 -> Intermediate
A23: ✅ = Spot works for selected swell direction | — = Spot not ideal | Add more states/spots to 'Spots Database' tab to expand

Sheet Legend & How to Use
A1: Legend & How to Use
A2: HOW TO USE
A3: Step 1 | B3: Go to the 'Swell Finder' tab. Click cell C4 and choose today's swell direction from the dropdown (N, NE, E, SE, S, SW).
A4: Step 2 | B4: Green rows show spots that work for that swell — sorted by quality rating.
A5: Step 3 | B5: Use the 'Spots Database' tab to filter by any column (tide, skill, wave type, crowd level, region) using the dropdown arrows in row 3.
A6: Step 4 | B6: To add new spots (from other pages or other states), add rows to the 'Spots Database' tab following the same format. The Swell Finder will automatically include them.
A8: SWELL DIRECTION GUIDE
A9: N (North) | B9: Works for spots facing south. Rare on Maine coast — mostly generates chop.
A10: NE (Northeast) | B10: The money direction for Maine. Most spots are angled to receive NE groundswell. Classic winter/fall swell.
A11: E (East) | B11: Also great for Maine — pure east swell lines up nicely on the straight beaches.
A12: SE (Southeast) | B12: Reaches more southern Maine spots. Hurricane swells often arrive from SE in late summer/fall.
A13: S (South) | B13: Rarely produces good surf in Maine — coast faces more NE. Can create wind swell.
A14: SW (Southwest) | B14: Mostly onshore or cross-shore for Maine. Usually poor conditions.
A16: FIELD DEFINITIONS
A17: Quality ★ | B17: 1–5 star rating from source guidebook (★★★★★ = world class, ★★★ = good regional spot)
A18: Best Tide | B18: Low = 0–1 hr around low tide, Mid = 2 hrs either side of mid, High = near high tide, All = works throughout
A19: Bottom | B19: Sand = beach break sandbars, Rock = rocky bottom, Sand/Rock = mixed
A20: Wave Type | B20: Beach Break = peaks shift, Point Break = consistent peeling wall, River Mouth = tidal bar/channel break, Jetty = structure-focused
A21: Skill Level | B21: Beginner = forgiving waves, Intermediate = some power/current, Advanced = serious wave or hazard
A22: Crowd | B22: Low = usually uncrowded, Med = moderate lineup, High = popular spot
A24: DATA SOURCE
A25: Source | B25: The Stormrider Surf Guide – North America. Photos taken by Lin (4 pages: Maine North + Maine South sections). March 2026.
A26: Next steps | B26: Add New England (NH, MA, RI, CT) and Mid-Atlantic (NJ, NY, DE, MD, VA, NC) spots to expand the East Coast database. Consider adding NOAA buoy codes per spot for live swell data integration (Option 2 dashboard).
